Port_ID,ROI,PnL,Sharpe_Ratio,MDD,Win_Rate,Win_Positions,Total_Positions,Score
3931992636670880512,26484.861942517316,10374.96528998,0.05079627547200503,-4.6859512984331976e+63,40.16528925619834,2430,6050,4.685951298433197e+65
4031181049693676544,49658.2269123407,4545.2423384,0.21445398662938117,-2.4659012682787175e+24,24.17218543046358,73,302,2.4659012682787176e+26
4012994295026226176,9066.088857971645,2500.33664614,0.21500005019192853,-2330462017037496.5,40.03189792663477,251,627,2.3304620170376125e+17
3993222640082269952,41673.340181777974,1884.46844302,0.09188282957686446,-44872945970464.34,46.45286686103013,1434,3087,4487294597089993.0
4022565861939831809,22282.17353538762,14197.577075890002,0.2996023677573185,-16768772492221.303,52.76595744680851,372,705,1676877249258613.0
3999845462424248576,4215.5619814996,5843.152606810001,0.22593466080542715,-500899324.3604672,43.490054249547924,1443,3318,50089942497.02066
3957509601040585217,2492.696959553696,3174.1803667200006,0.025230098670961768,-327086.1676803956,26.954177897574123,300,1113,32714283.89766682
3879821005658659073,5146.206741363718,4268.00656095,0.13094012831820384,-24991.04208768171,33.142201834862384,289,872,2508519.731471768
4006366295148391425,1217.9230133624699,3018.5418056999997,0.09097827663395502,-4204.568069633507,17.180616740088105,117,681,424694.1815651795
4020204877254599680,139.58728009905582,71998.85595307,0.060748033614844925,-0.34056758936500453,32.94214876033058,1993,6050,72173.10747244171
3999240873283311617,816.158213056868,42574.473678790004,0.22750533430745362,-0.05653967403289695,52.32198142414861,2366,4522,43398.56091259324
4023616625178799873,39145.22055368058,2087.7711930100004,0.25334428453106705,-0.5791427607154909,40.991535671100365,339,827,41293.43946560744
3996598927198996481,32110.642761791285,3509.04461888,0.11340118610445403,-7.364299511975917,36.8282600526118,980,2661,36357.25134372992
4021669203289716224,263.70060566839726,26427.33159178,0.06825074237072257,-0.22493555267031695,31.391200951248514,528,1682,26714.208260139134
3944088772635000577,14149.85439231056,7581.491983399999,0.29914107625654696,-0.8468696760220242,45.75292759360053,2774,6063,21819.02475407533
3956076827719377409,4196.637736934312,16790.01223802,0.09952801745500053,-0.8063202470780899,51.55771195097037,2019,3916,21068.27727983667
3886752488982104320,13580.574172520923,7195.178324640001,0.22171358766665264,-0.5582389601479281,74.5396317053643,931,1249,20833.793529052386
3960874214179953664,61.581341575735635,19567.47128569,0.16294781502532277,-0.06858682742405964,51.568381430363864,1233,2391,19637.540788158396
3907081197088384000,900.8899575087507,18015.997370259996,0.22272929259108457,-0.6764246256149948,61.39714769156394,2540,4137,18986.757083256158
4028701921959171840,101.76467048864335,17601.40139824,0.2757238783298305,-0.033368055996255475,54.29403202328966,373,687,17709.260113111566
